{"_step":255,"valloss":4.982769966125488,"_timestamp":1.7663636383708942e+09,"trainloss":5.706974029541016,"_wandb":{"runtime":89},"_runtime":89}