{"trainloss":6.232566833496094,"_wandb":{"runtime":86},"_runtime":86,"_step":255,"valloss":6.3105034828186035,"_timestamp":1.7666048203147244e+09}