{"trainloss":3.2945423126220703,"_wandb":{"runtime":86},"_runtime":86,"_timestamp":1.7666056595827382e+09,"_step":255,"valloss":3.1404333114624023}