{"_wandb":{"runtime":128},"_runtime":128,"valloss":1.4673011302947998,"_timestamp":1.7663275753498888e+09,"_step":383,"trainloss":1.7316951751708984}