{"valloss":4.58291482925415,"_timestamp":1.766322614010017e+09,"_step":383,"trainloss":2.9976449012756348,"_wandb":{"runtime":108},"_runtime":108}