{"trainloss":3.0569636821746826,"_runtime":109,"_wandb":{"runtime":109},"_step":383,"valloss":4.55755615234375,"_timestamp":1.7663238237649512e+09}