{"_timestamp":1.7666091381638951e+09,"trainloss":4.9552693367004395,"_runtime":86,"_wandb":{"runtime":86},"_step":255,"valloss":4.987905502319336}