{"_wandb":{"runtime":170},"_runtime":170,"_timestamp":1.767191449791333e+09,"_step":767,"valloss":4.597760200500488,"trainloss":2.1872198581695557}