{"valloss":4.258346080780029,"trainloss":2.132575273513794,"_wandb":{"runtime":170},"_runtime":170,"_timestamp":1.7671864400530484e+09,"_step":767}