{"trainloss":2.669879198074341,"_wandb":{"runtime":109},"_runtime":109,"_timestamp":1.7663204625624535e+09,"_step":383,"valloss":4.071223258972168}