{"_wandb":{"runtime":86},"_runtime":86,"valloss":6.29463529586792,"_timestamp":1.766354345021636e+09,"_step":255,"trainloss":5.667464256286621}