{"valloss":6.307359218597412,"_timestamp":1.7663568066735506e+09,"_step":255,"trainloss":6.12191104888916,"_wandb":{"runtime":86},"_runtime":86}