{"_step":255,"valloss":6.308421611785889,"_timestamp":1.7663565870283837e+09,"trainloss":5.608062744140625,"_wandb":{"runtime":85},"_runtime":85}