{"trainloss":3.902398109436035,"_wandb":{"runtime":84},"_runtime":84,"_timestamp":1.766949497920731e+09,"_step":255,"valloss":4.288708686828613}