{"trainloss":4.928427696228027,"_wandb":{"runtime":87},"_runtime":87,"valloss":4.866986274719238,"_timestamp":1.7663612206408737e+09,"_step":255}