{"valloss":2.7689154148101807,"_timestamp":1.7666075140369117e+09,"_step":255,"trainloss":3.808244466781616,"_wandb":{"runtime":87},"_runtime":87}