{"valloss":4.163877487182617,"_timestamp":1.7663200588169308e+09,"trainloss":2.64186429977417,"_wandb":{"runtime":110},"_runtime":110,"_step":383}