{"_timestamp":1.7665986801203308e+09,"_step":255,"trainloss":5.495572090148926,"_wandb":{"runtime":163},"_runtime":163,"valloss":5.390125751495361}