{"_step":255,"valloss":4.988979339599609,"_timestamp":1.7666094774909053e+09,"trainloss":5.653277397155762,"_wandb":{"runtime":87},"_runtime":87}