{"valloss":2.3994529247283936,"_timestamp":1.7663466747877264e+09,"_step":383,"trainloss":1.872606635093689,"_wandb":{"runtime":108},"_runtime":108}