{"_runtime":84,"_step":255,"valloss":6.293639659881592,"_timestamp":1.7666028135847766e+09,"trainloss":6.014603614807129,"_wandb":{"runtime":84}}