{"valloss":6.3539204597473145,"_timestamp":1.7663558083413746e+09,"trainloss":6.939235687255859,"_wandb":{"runtime":88},"_runtime":88,"_step":255}