{"_wandb":{"runtime":107},"_runtime":107,"_step":383,"valloss":4.599177837371826,"_timestamp":1.7663219531051192e+09,"trainloss":2.8679189682006836}