{"_timestamp":1.766357877803104e+09,"_step":255,"trainloss":3.2915077209472656,"_wandb":{"runtime":87},"_runtime":87,"valloss":3.1410071849823}