{"_runtime":108,"valloss":3.9952847957611084,"_timestamp":1.7663492207147946e+09,"_step":383,"trainloss":2.6911356449127197,"_wandb":{"runtime":108}}