{"trainloss":4.302646636962891,"_wandb":{"runtime":85},"_runtime":85,"valloss":4.130304336547852,"_timestamp":1.7669500359015727e+09,"_step":255}