{"_wandb":{"runtime":88},"_runtime":88,"_step":255,"valloss":5.07105827331543,"_timestamp":1.7663628384899478e+09,"trainloss":5.0812153816223145}