{"_runtime":110,"valloss":4.535651683807373,"_timestamp":1.7663239530719228e+09,"_step":383,"trainloss":2.871857166290283,"_wandb":{"runtime":110}}