{"valloss":13.61216926574707,"_timestamp":1.766950882165802e+09,"_step":255,"trainloss":14.33393383026123,"_wandb":{"runtime":84},"_runtime":84}