{"trainloss":2.7091214656829834,"_wandb":{"runtime":86},"_runtime":86,"valloss":2.710418224334717,"_timestamp":1.7666085559570923e+09,"_step":255}