{"_timestamp":1.766612775683479e+09,"_step":255,"trainloss":4.491907596588135,"_wandb":{"runtime":87},"_runtime":87,"valloss":4.9817585945129395}