{"_timestamp":1.7669483576078725e+09,"trainloss":3.4241065979003906,"_wandb":{"runtime":83},"_runtime":83,"_step":255,"valloss":4.621532917022705}