{"_wandb":{"runtime":2999},"_runtime":2999,"_timestamp":1.7662721892062628e+09,"_step":1749,"valloss":2.6370675563812256,"trainloss":2.7472786903381348}