{"_step":255,"trainloss":5.368963241577148,"_wandb":{"runtime":84},"_runtime":84,"valloss":4.62299108505249,"_timestamp":1.766948047857487e+09}