{"_wandb":{"runtime":87},"_runtime":87,"valloss":5.389871597290039,"_timestamp":1.7665995898658187e+09,"_step":255,"trainloss":5.777669906616211}