{"_runtime":85,"valloss":4.982028007507324,"_timestamp":1.7666123233093956e+09,"_step":255,"trainloss":5.709953308105469,"_wandb":{"runtime":85}}