{"_step":255,"trainloss":5.98115873336792,"_wandb":{"runtime":86},"_runtime":86,"valloss":6.2960615158081055,"_timestamp":1.7666025929756672e+09}