{"_step":255,"trainloss":5.408890724182129,"_wandb":{"runtime":86},"_runtime":86,"valloss":4.878774166107178,"_timestamp":1.7663620189946759e+09}