{"_wandb":{"runtime":109},"_step":383,"valloss":4.595897674560547,"_timestamp":1.76632234656395e+09,"trainloss":3.137362480163574,"_runtime":109}