{"valloss":4.863104820251465,"_timestamp":1.766610386527034e+09,"_step":255,"trainloss":5.960425853729248,"_wandb":{"runtime":87},"_runtime":87}