{"_wandb":{"runtime":85},"_runtime":85,"valloss":4.302232265472412,"_timestamp":1.7669487900734887e+09,"_step":255,"trainloss":4.299684047698975}