{"_runtime":174,"_step":767,"valloss":4.245076656341553,"_timestamp":1.767190659226874e+09,"trainloss":2.1560850143432617,"_wandb":{"runtime":174}}