{"_timestamp":1.7663510512199862e+09,"_step":255,"trainloss":6.638604164123535,"_wandb":{"runtime":85},"_runtime":85,"valloss":5.390713691711426}