{"_runtime":86,"valloss":6.347817420959473,"_timestamp":1.766952527148686e+09,"_step":255,"trainloss":6.1806793212890625,"_wandb":{"runtime":86}}