{"valloss":6.593922138214111,"_timestamp":1.7669538313561242e+09,"_step":255,"trainloss":6.634365558624268,"_wandb":{"runtime":84},"_runtime":84}