{"trainloss":2.643519163131714,"_runtime":87,"_wandb":{"runtime":87},"_step":255,"valloss":2.9866538047790527,"_timestamp":1.7663586893605216e+09}