{"trainloss":2.129359483718872,"_wandb":{"runtime":172},"_runtime":172,"_step":767,"valloss":4.181448459625244,"_timestamp":1.7671922366335337e+09}