{"_timestamp":1.7671932097506015e+09,"trainloss":2.085367202758789,"_wandb":{"runtime":171},"_runtime":171,"_step":767,"valloss":4.204713821411133}