{"trainloss":5.985100746154785,"_runtime":85,"_wandb":{"runtime":85},"_step":255,"valloss":6.295456886291504,"_timestamp":1.766354785814874e+09}