{"_timestamp":1.7663487379054005e+09,"_step":191,"trainloss":5.77357816696167,"_wandb":{"runtime":74},"_runtime":74,"valloss":5.36236047744751}