{"_step":383,"trainloss":3.1389036178588867,"_wandb":{"runtime":106},"_runtime":106,"valloss":4.584457874298096,"_timestamp":1.7663262245678382e+09}