{"_runtime":85,"_step":255,"valloss":4.129510402679443,"_timestamp":1.7669503495097418e+09,"trainloss":4.300217628479004,"_wandb":{"runtime":85}}