{"valloss":1.4639577865600586,"_timestamp":1.76632842804866e+09,"trainloss":1.8144567012786865,"_wandb":{"runtime":108},"_runtime":108,"_step":383}