{"trainloss":5.873934745788574,"_wandb":{"runtime":85},"_runtime":85,"_step":255,"valloss":5.389880657196045,"_timestamp":1.7663513697916815e+09}