{"trainloss":2.1897644996643066,"_wandb":{"runtime":173},"_runtime":173,"valloss":4.230319023132324,"_timestamp":1.7671902775824702e+09,"_step":767}