{"_runtime":87,"valloss":12.928572654724121,"_timestamp":1.7669515805414321e+09,"_step":255,"trainloss":14.336584091186523,"_wandb":{"runtime":87}}