{"_step":383,"trainloss":2.750446081161499,"_wandb":{"runtime":108},"_runtime":108,"valloss":4.053867340087891,"_timestamp":1.766320731570995e+09}