{"_runtime":3052,"_timestamp":1.766015499223086e+09,"_step":1749,"valloss":3.201183319091797,"trainloss":3.13826847076416,"_wandb":{"runtime":3052}}