{"valloss":4.182162761688232,"trainloss":2.0642342567443848,"_wandb":{"runtime":174},"_runtime":174,"_timestamp":1.7671918417510853e+09,"_step":767}