{"valloss":4.22027587890625,"_timestamp":1.7671887207207663e+09,"trainloss":1.9040272235870361,"_wandb":{"runtime":170},"_runtime":170,"_step":767}