{"_timestamp":1.7663496037079659e+09,"_step":383,"valloss":3.9838039875030518,"trainloss":2.5123414993286133,"_wandb":{"runtime":107},"_runtime":107}