{"_runtime":127,"_step":383,"valloss":2.2673492431640625,"_timestamp":1.7663301627732677e+09,"trainloss":1.5294146537780762,"_wandb":{"runtime":127}}