{"_runtime":86,"_step":255,"valloss":5.253243446350098,"_timestamp":1.7666008184089034e+09,"trainloss":5.217715263366699,"_wandb":{"runtime":86}}