{"_step":383,"trainloss":2.623573064804077,"_wandb":{"runtime":107},"_runtime":107,"valloss":4.176390171051025,"_timestamp":1.7663197911303976e+09}