{"_timestamp":1.7666111946341577e+09,"trainloss":4.244200229644775,"_runtime":85,"_wandb":{"runtime":85},"_step":255,"valloss":5.073602676391602}