{"valloss":5.071568489074707,"trainloss":5.113356590270996,"_wandb":{"runtime":85},"_runtime":85,"_timestamp":1.7666113061013186e+09,"_step":255}