{"valloss":4.128385543823242,"_timestamp":1.7669496244274359e+09,"trainloss":4.2502031326293945,"_runtime":109,"_wandb":{"runtime":109},"_step":255}