{"_timestamp":1.7663643108711483e+09,"trainloss":5.721920967102051,"_wandb":{"runtime":86},"_runtime":86,"_step":255,"valloss":4.994818210601807}