{"trainloss":4.196515083312988,"_wandb":{"runtime":57},"_runtime":57.746032525,"valloss":4.928125381469727,"_timestamp":1.7663178099725206e+09,"_step":102}