{"_wandb":{"runtime":87},"_runtime":87,"_step":255,"valloss":4.861367702484131,"_timestamp":1.7663611075836694e+09,"trainloss":4.596210479736328}