{"valloss":1.4702750444412231,"_timestamp":1.7663278831922605e+09,"_step":383,"trainloss":1.3141958713531494,"_wandb":{"runtime":110},"_runtime":110}