{"_timestamp":1.766322085115749e+09,"_step":383,"valloss":4.620314121246338,"trainloss":3.075214385986328,"_wandb":{"runtime":106},"_runtime":106}