{"_runtime":170,"valloss":4.538629531860352,"_timestamp":1.7671875815113618e+09,"_step":767,"trainloss":1.5643365383148193,"_wandb":{"runtime":170}}