{"_runtime":87,"valloss":5.0831098556518555,"_timestamp":1.7663631812569184e+09,"_step":255,"trainloss":5.30517053604126,"_wandb":{"runtime":87}}