{"_runtime":85,"_step":255,"valloss":6.297192573547363,"_timestamp":1.7666020379195645e+09,"trainloss":5.352645397186279,"_wandb":{"runtime":85}}