{"_timestamp":1.766323556703869e+09,"_step":383,"trainloss":2.9825806617736816,"_wandb":{"runtime":108},"_runtime":108,"valloss":4.553092956542969}