{"_runtime":86,"valloss":4.303852081298828,"_timestamp":1.7669491839138846e+09,"_step":255,"trainloss":4.4318928718566895,"_wandb":{"runtime":86}}