{"valloss":5.352579116821289,"trainloss":5.018232345581055,"_wandb":{"runtime":75},"_runtime":75,"_timestamp":1.7663488337647526e+09,"_step":191}