{"_timestamp":1.766356918718278e+09,"trainloss":6.835882186889648,"_wandb":{"runtime":87},"_runtime":87,"_step":255,"valloss":6.308971405029297}