{"_step":22,"_wandb":{"runtime":65},"_runtime":65,"valloss":5.6779913902282715,"_timestamp":1.7658177460708616e+09}