{"_timestamp":1.7663208662270117e+09,"trainloss":2.516495704650879,"_wandb":{"runtime":107},"_runtime":107,"_step":383,"valloss":4.053013324737549}