{"_timestamp":1.7663546784095592e+09,"_step":255,"trainloss":5.809300422668457,"_wandb":{"runtime":86},"_runtime":86,"valloss":6.293940544128418}