{"_wandb":{"runtime":110},"_runtime":110,"valloss":4.602734565734863,"_timestamp":1.7663246121230626e+09,"_step":383,"trainloss":2.838865280151367}