{"_step":255,"valloss":6.334011554718018,"_timestamp":1.7666013829529731e+09,"trainloss":5.80384635925293,"_wandb":{"runtime":86},"_runtime":86}