{"trainloss":2.381014108657837,"_wandb":{"runtime":108},"_runtime":108,"_step":383,"valloss":3.995701789855957,"_timestamp":1.7663493484905374e+09}