{"valloss":5.374765396118164,"trainloss":5.785808563232422,"_wandb":{"runtime":87},"_runtime":87,"_timestamp":1.766352888681557e+09,"_step":255}