{"_runtime":90,"valloss":4.866116523742676,"_timestamp":1.7666099327459621e+09,"_step":255,"trainloss":4.937343597412109,"_wandb":{"runtime":90}}