{"_runtime":85,"_step":255,"valloss":2.7714757919311523,"_timestamp":1.7663593763912199e+09,"trainloss":3.049471378326416,"_wandb":{"runtime":85}}