{"_wandb":{"runtime":110},"_runtime":110,"valloss":1.4612740278244019,"_timestamp":1.7663285668215268e+09,"_step":383,"trainloss":1.3586939573287964}