{"_runtime":86,"_timestamp":1.7666007064759276e+09,"_step":255,"valloss":5.37432861328125,"trainloss":5.787766933441162,"_wandb":{"runtime":86}}