{"valloss":6.346676826477051,"_timestamp":1.7669526615794363e+09,"trainloss":6.812518119812012,"_wandb":{"runtime":84},"_runtime":84,"_step":255}