{"_timestamp":1.766953320960982e+09,"_step":255,"valloss":6.594015121459961,"trainloss":7.103581428527832,"_wandb":{"runtime":87},"_runtime":87}