{"trainloss":14.335189819335938,"_wandb":{"runtime":85},"_runtime":85,"_timestamp":1.7669511842840037e+09,"_step":255,"valloss":13.616705894470215}