{"valloss":6.594321250915527,"_timestamp":1.7669537057196553e+09,"trainloss":6.6303606033325195,"_wandb":{"runtime":84},"_runtime":84,"_step":255}