{"_step":255,"valloss":6.348067760467529,"_timestamp":1.7669527914573433e+09,"trainloss":6.185025215148926,"_wandb":{"runtime":85},"_runtime":85}