{"trainloss":2.784538745880127,"_wandb":{"runtime":190},"_runtime":190,"valloss":4.178941249847412,"_timestamp":1.7663173309317982e+09,"_step":383}