{"valloss":4.6335673332214355,"trainloss":3.1806886196136475,"_wandb":{"runtime":108},"_runtime":108,"_timestamp":1.7663258234819293e+09,"_step":383}