{"_step":255,"trainloss":6.812374114990234,"_wandb":{"runtime":85},"_runtime":85,"valloss":6.347288131713867,"_timestamp":1.7669523892273486e+09}