{"trainloss":3.145388126373291,"_runtime":106,"_wandb":{"runtime":106},"_timestamp":1.7663264887867284e+09,"_step":383,"valloss":4.568318843841553}