{"trainloss":6.012205600738525,"_runtime":86,"_wandb":{"runtime":86},"_step":255,"valloss":6.294735908508301,"_timestamp":1.7663550084832892e+09}