{"trainloss":2.1508007049560547,"_wandb":{"runtime":107},"_runtime":107,"valloss":4.063824653625488,"_timestamp":1.7663205972216501e+09,"_step":383}