{"_timestamp":1.7671930179965365e+09,"_step":767,"valloss":4.170164585113525,"trainloss":2.1089322566986084,"_wandb":{"runtime":170},"_runtime":170}