{"valloss":6.346733093261719,"trainloss":6.8112945556640625,"_wandb":{"runtime":84},"_runtime":84,"_timestamp":1.7669521264012187e+09,"_step":255}