{"trainloss":3.0478782653808594,"_wandb":{"runtime":87},"_runtime":87,"valloss":2.771254539489746,"_timestamp":1.766608092147457e+09,"_step":255}