{"_timestamp":1.7666090259837773e+09,"_step":255,"trainloss":5.716263294219971,"_wandb":{"runtime":87},"_runtime":87,"valloss":4.988482475280762}