{"trainloss":5.718417167663574,"_wandb":{"runtime":87},"_runtime":87,"_timestamp":1.7663644189202816e+09,"_step":255,"valloss":5.353247165679932}