{"_timestamp":1.7663559198124735e+09,"_step":255,"trainloss":6.295479774475098,"_wandb":{"runtime":86},"_runtime":86,"valloss":6.35524320602417}