{"_step":767,"trainloss":1.993373155593872,"_wandb":{"runtime":173},"_runtime":173,"valloss":4.232250213623047,"_timestamp":1.7671870109717638e+09}