{"_timestamp":1.7666079748422751e+09,"_step":255,"valloss":2.7708053588867188,"trainloss":2.9197964668273926,"_wandb":{"runtime":86},"_runtime":86}