{"_step":3284,"trainloss":3.6782689094543457,"_wandb":{"runtime":1516},"_runtime":1516,"valloss":3.7403182983398438,"_timestamp":1.7659958891813548e+09}