{"_wandb":{"runtime":85},"_runtime":85,"valloss":2.770463228225708,"_timestamp":1.7663592634560425e+09,"_step":255,"trainloss":2.915374279022217}