{"_timestamp":1.766348643570409e+09,"trainloss":4.259420394897461,"_wandb":{"runtime":75},"_runtime":75,"_step":191,"valloss":5.360527038574219}