{"_timestamp":1.7669475181945093e+09,"_step":255,"trainloss":4.704965591430664,"_wandb":{"runtime":163},"_runtime":163,"valloss":4.623543739318848}