{"_step":255,"trainloss":4.426838397979736,"_wandb":{"runtime":86},"_runtime":86,"valloss":4.3030314445495605,"_timestamp":1.7669492923528082e+09}