{"_wandb":{"runtime":173},"_step":767,"valloss":4.2085652351379395,"_timestamp":1.7671891028049672e+09,"trainloss":1.8901031017303467,"_runtime":173}