{"_wandb":{"runtime":85},"_runtime":85,"_step":255,"valloss":6.293378829956055,"_timestamp":1.7666027040090466e+09,"trainloss":6.014610290527344}