{"_step":255,"valloss":5.389965057373047,"_timestamp":1.7665991356255882e+09,"trainloss":5.876175403594971,"_wandb":{"runtime":84},"_runtime":84}