{"_runtime":109,"_wandb":{"runtime":109},"valloss":1.4678518772125244,"_timestamp":1.7663287022138965e+09,"_step":383,"trainloss":1.1723253726959229}