{"valloss":4.863287448883057,"_timestamp":1.766361678616284e+09,"_step":255,"trainloss":5.959597587585449,"_wandb":{"runtime":89},"_runtime":89}