{"trainloss":3.237659454345703,"_wandb":{"runtime":110},"_runtime":110,"valloss":4.559972286224365,"_timestamp":1.7663266242758431e+09,"_step":383}