{"_runtime":172,"_step":767,"valloss":4.194112300872803,"_timestamp":1.7671889110933793e+09,"trainloss":1.9143176078796387,"_wandb":{"runtime":172}}