{"trainloss":3.526034355163574,"_wandb":{"runtime":83},"_runtime":83,"valloss":4.302369594573975,"_timestamp":1.766949394264153e+09,"_step":255}