{"valloss":4.159465789794922,"_timestamp":1.7663480520473495e+09,"trainloss":2.1829166412353516,"_runtime":187,"_wandb":{"runtime":187},"_step":383}