{"_runtime":109,"_step":383,"valloss":4.841860294342041,"_timestamp":1.7663274214069555e+09,"trainloss":2.8332157135009766,"_wandb":{"runtime":109}}