{"_runtime":105,"_wandb":{"runtime":105},"_step":255,"valloss":4.985687732696533,"_timestamp":1.7666086892507768e+09,"trainloss":4.874384880065918}