{"_runtime":201,"_step":767,"valloss":4.229732036590576,"_timestamp":1.7671897048190794e+09,"trainloss":2.0536036491394043,"_wandb":{"runtime":201}}