{"_wandb":{"runtime":3046},"_step":1749,"valloss":3.203159809112549,"_timestamp":1.7660089286183734e+09,"trainloss":3.287243366241455,"_runtime":3046}