{"_wandb":{"runtime":86},"_runtime":86,"_step":255,"valloss":5.3775954246521,"_timestamp":1.7666003695077662e+09,"trainloss":5.221488952636719}