{"_timestamp":1.7666093642927618e+09,"trainloss":5.146881103515625,"_wandb":{"runtime":87},"_runtime":87,"_step":255,"valloss":4.988689422607422}