{"_timestamp":1.7671904668031693e+09,"_step":767,"valloss":4.242660045623779,"trainloss":1.966804027557373,"_wandb":{"runtime":171},"_runtime":171}