{"trainloss":5.719554901123047,"_wandb":{"runtime":85},"_runtime":85,"_step":255,"valloss":6.335128307342529,"_timestamp":1.7663534558000221e+09}