{"valloss":4.189669132232666,"trainloss":2.377779006958008,"_wandb":{"runtime":106},"_runtime":106,"_timestamp":1.766319923062978e+09,"_step":383}