{"valloss":13.614341735839844,"_timestamp":1.766951477061226e+09,"_step":255,"trainloss":14.32801628112793,"_wandb":{"runtime":93},"_runtime":93}