{"trainloss":5.715238094329834,"_runtime":86,"_wandb":{"runtime":86},"_timestamp":1.7663603259861796e+09,"_step":255,"valloss":4.989388465881348}