{"_timestamp":1.766612436876346e+09,"_step":255,"valloss":4.978921890258789,"trainloss":5.862393379211426,"_wandb":{"runtime":87},"_runtime":87}