{"_runtime":86,"_step":255,"valloss":4.988283634185791,"_timestamp":1.7663607774907978e+09,"trainloss":5.655740737915039,"_wandb":{"runtime":86}}