{"_runtime":111,"_timestamp":1.7663465479348464e+09,"_step":383,"valloss":2.440667152404785,"trainloss":1.9958305358886719,"_wandb":{"runtime":111}}