{"_step":255,"trainloss":14.341154098510742,"_wandb":{"runtime":86},"_runtime":86,"valloss":13.615644454956055,"_timestamp":1.766951279829684e+09}