{"trainloss":5.404860496520996,"_wandb":{"runtime":85},"_runtime":85,"valloss":5.214670181274414,"_timestamp":1.7666108396605577e+09,"_step":255}