{"valloss":6.3368682861328125,"_timestamp":1.7666009514589841e+09,"_step":255,"trainloss":5.3455915451049805,"_wandb":{"runtime":106},"_runtime":106}