{"_step":255,"trainloss":5.424630165100098,"_wandb":{"runtime":86},"_runtime":86,"valloss":4.981000900268555,"_timestamp":1.7666126620530665e+09}