{"_step":383,"valloss":4.654951572418213,"_timestamp":1.7663251625058868e+09,"trainloss":3.222721576690674,"_wandb":{"runtime":109},"_runtime":109}