{"_wandb":{"runtime":86},"_runtime":86,"_step":255,"valloss":5.372872352600098,"_timestamp":1.7663520200702488e+09,"trainloss":5.47821044921875}