{"valloss":5.25175666809082,"_timestamp":1.7663529955845876e+09,"_step":255,"trainloss":5.221632480621338,"_wandb":{"runtime":87},"_runtime":87}