{"_timestamp":1.7669529182443268e+09,"_step":255,"trainloss":6.182556629180908,"_wandb":{"runtime":85},"_runtime":85,"valloss":6.252192497253418}