{"_step":383,"trainloss":3.049867630004883,"_wandb":{"runtime":106},"_runtime":106,"valloss":4.737909317016602,"_timestamp":1.7663247384741924e+09}