{"_timestamp":1.7666019275011148e+09,"_step":255,"trainloss":6.211796760559082,"_wandb":{"runtime":86},"_runtime":86,"valloss":6.5720930099487305}