{"_wandb":{"runtime":88},"_runtime":88,"valloss":6.309684753417969,"_timestamp":1.7663570316579256e+09,"_step":255,"trainloss":6.230373382568359}