{"_runtime":85,"_wandb":{"runtime":85},"_step":255,"valloss":6.297170162200928,"_timestamp":1.7663542327725136e+09,"trainloss":5.350602149963379}