{"_runtime":87,"_timestamp":1.7666101611023178e+09,"_step":255,"valloss":4.865482807159424,"trainloss":5.846195220947266,"_wandb":{"runtime":87}}