{"valloss":4.603517055511475,"_timestamp":1.7669484603143728e+09,"_step":255,"trainloss":3.4216148853302,"_runtime":84,"_wandb":{"runtime":84}}