{"_timestamp":1.7669539550064065e+09,"_step":255,"valloss":6.594053268432617,"trainloss":6.628796100616455,"_wandb":{"runtime":85},"_runtime":85}