{"_step":255,"valloss":6.353681564331055,"_timestamp":1.7666039259854689e+09,"trainloss":6.7622575759887695,"_wandb":{"runtime":85},"_runtime":85}