{"_timestamp":1.766607046693171e+09,"_step":255,"trainloss":2.994356632232666,"_wandb":{"runtime":88},"_runtime":88,"valloss":3.142008066177368}