{"_wandb":{"runtime":107},"_runtime":107,"_step":383,"valloss":1.4655554294586182,"_timestamp":1.7663280169392614e+09,"trainloss":1.7690324783325195}