{"valloss":6.336362838745117,"_timestamp":1.7663533461584313e+09,"trainloss":6.692138195037842,"_wandb":{"runtime":86},"_runtime":86,"_step":255}