{"_step":383,"valloss":1.4700464010238647,"_timestamp":1.7663277224603348e+09,"trainloss":1.3345468044281006,"_wandb":{"runtime":108},"_runtime":108}