{"_wandb":{"runtime":87},"_runtime":87,"valloss":6.309633731842041,"_timestamp":1.7666047090214906e+09,"_step":255,"trainloss":6.841161727905273}