{"_runtime":108,"_timestamp":1.766349859456063e+09,"_step":383,"valloss":3.996666669845581,"trainloss":2.592158794403076,"_wandb":{"runtime":108}}