{"_step":1749,"valloss":2.382756233215332,"_timestamp":1.766339737787039e+09,"trainloss":2.5253915786743164,"_runtime":3168,"_wandb":{"runtime":3168}}