{"_runtime":108,"_step":383,"valloss":4.637923240661621,"_timestamp":1.7663252964982386e+09,"trainloss":3.3201451301574707,"_wandb":{"runtime":108}}