{"_runtime":88,"valloss":2.770491600036621,"_timestamp":1.7666083253117e+09,"_step":255,"trainloss":2.463594913482666,"_wandb":{"runtime":88}}