{"valloss":5.330860137939453,"_timestamp":1.7666097033974745e+09,"_step":255,"trainloss":5.640968322753906,"_wandb":{"runtime":86},"_runtime":86}