{"_runtime":85,"_timestamp":1.766352452985739e+09,"_step":255,"valloss":5.374721527099609,"trainloss":5.870838165283203,"_wandb":{"runtime":85}}