{"_wandb":{"runtime":86},"_runtime":86,"valloss":5.27307653427124,"_timestamp":1.7663519079776926e+09,"_step":255,"trainloss":5.232224464416504}