{"_wandb":{"runtime":84},"_runtime":84,"_timestamp":1.766953449909102e+09,"_step":255,"valloss":6.593858242034912,"trainloss":6.633780479431152}