{"_runtime":85,"valloss":6.309713363647461,"_timestamp":1.7666043709590611e+09,"_step":255,"trainloss":5.608186721801758,"_wandb":{"runtime":85}}