{"_timestamp":1.7663526644408767e+09,"_step":255,"trainloss":4.927752494812012,"_wandb":{"runtime":85},"_runtime":85,"valloss":5.376515865325928}