{"valloss":4.130693435668945,"_timestamp":1.766949728429722e+09,"_step":255,"trainloss":4.026105880737305,"_wandb":{"runtime":85},"_runtime":85}