{"_step":255,"valloss":6.296757221221924,"_timestamp":1.7666022586007812e+09,"trainloss":6.64499044418335,"_wandb":{"runtime":86},"_runtime":86}