{"valloss":5.375290393829346,"_timestamp":1.766600143492602e+09,"_step":255,"trainloss":5.149322509765625,"_wandb":{"runtime":85},"_runtime":85}