{"_timestamp":1.766612889234972e+09,"_step":255,"valloss":4.980576515197754,"trainloss":5.1811628341674805,"_wandb":{"runtime":86},"_runtime":86}