{"trainloss":4.710826396942139,"_wandb":{"runtime":74},"_runtime":74,"_step":191,"valloss":5.358302116394043,"_timestamp":1.7663489323646793e+09}