{"trainloss":4.322094440460205,"_wandb":{"runtime":86},"_runtime":86,"_step":255,"valloss":4.128763198852539,"_timestamp":1.7669499320016704e+09}