{"valloss":13.614449501037598,"_timestamp":1.7669506752118332e+09,"trainloss":13.045902252197266,"_wandb":{"runtime":104},"_runtime":104,"_step":255}