{"_timestamp":1.7658176572536194e+09,"_wandb":{"runtime":45},"_runtime":45,"_step":6,"valloss":5.849091053009033}