{"valloss":5.071935176849365,"_timestamp":1.7663626099394994e+09,"_step":255,"trainloss":5.113615036010742,"_wandb":{"runtime":86},"_runtime":86}