{"trainloss":5.956872940063477,"_wandb":{"runtime":86},"_runtime":86,"valloss":4.861423969268799,"_timestamp":1.7663617917649522e+09,"_step":255}