{"_wandb":{"runtime":85},"_runtime":85,"_step":255,"valloss":4.6229658126831055,"_timestamp":1.7669481511873848e+09,"trainloss":5.366912364959717}