{"_wandb":{"runtime":87},"_runtime":87,"_step":255,"valloss":3.1425466537475586,"_timestamp":1.766358224592576e+09,"trainloss":2.1333823204040527}