{"trainloss":3.1458706855773926,"_wandb":{"runtime":106},"_runtime":106,"valloss":4.557197093963623,"_timestamp":1.766327152640198e+09,"_step":383}