{"valloss":4.246803283691406,"_timestamp":1.767187200448481e+09,"_step":767,"trainloss":1.9732754230499268,"_wandb":{"runtime":171},"_runtime":171}