{"trainloss":5.223483562469482,"_wandb":{"runtime":88},"_runtime":88,"valloss":4.863399505615234,"_timestamp":1.7663615637391326e+09,"_step":255}