{"_step":383,"trainloss":2.1944527626037598,"_wandb":{"runtime":107},"_runtime":107,"valloss":4.176979064941406,"_timestamp":1.7663190523041985e+09}