{"_runtime":3062,"_timestamp":1.7660058733955092e+09,"_step":1749,"valloss":3.43815541267395,"trainloss":3.4470767974853516,"_wandb":{"runtime":3062}}