{"_step":635,"trainloss":1.145438313484192,"_wandb":{"runtime":146},"_runtime":146,"valloss":4.74623441696167,"_timestamp":1.76718567189218e+09}