{"valloss":4.5369977951049805,"_timestamp":1.766324081494788e+09,"_step":383,"trainloss":3.053518295288086,"_wandb":{"runtime":108},"_runtime":108}