{"trainloss":4.956159591674805,"_wandb":{"runtime":87},"_runtime":87,"_step":255,"valloss":4.9883904457092285,"_timestamp":1.7663604385309184e+09}