{"_runtime":87,"_timestamp":1.7663623858786802e+09,"_step":255,"valloss":5.073522090911865,"trainloss":4.906599998474121,"_wandb":{"runtime":87}}