{"_timestamp":1.7663638697352781e+09,"trainloss":5.605465888977051,"_wandb":{"runtime":87},"_runtime":87,"_step":255,"valloss":4.981557846069336}