{"trainloss":5.271233081817627,"_runtime":86,"_wandb":{"runtime":86},"_step":255,"valloss":4.983029365539551,"_timestamp":1.7666122100020874e+09}