{"_step":767,"valloss":4.555838108062744,"_timestamp":1.7671934065279052e+09,"trainloss":2.110666036605835,"_wandb":{"runtime":171},"_runtime":171}