{"_runtime":87,"valloss":4.863032341003418,"_timestamp":1.766361906040268e+09,"_step":255,"trainloss":5.701333999633789,"_wandb":{"runtime":87}}