{"trainloss":6.292842864990234,"_wandb":{"runtime":84},"_runtime":84,"valloss":5.374031066894531,"_timestamp":1.766600029933098e+09,"_step":255}