{"_runtime":85,"_timestamp":1.7666014942849014e+09,"_step":255,"valloss":6.334546089172363,"trainloss":6.022003650665283,"_wandb":{"runtime":85}}