{"_wandb":{"runtime":86},"_timestamp":1.7663581079054968e+09,"_step":255,"valloss":3.1441330909729004,"trainloss":2.053795337677002,"_runtime":86}