{"_wandb":{"runtime":85},"_runtime":85,"_timestamp":1.7665999186717792e+09,"_step":255,"valloss":5.374539375305176,"trainloss":6.637497425079346}