{"trainloss":2.26251220703125,"_wandb":{"runtime":172},"_runtime":172,"valloss":4.184457302093506,"_timestamp":1.7671920382841866e+09,"_step":767}