{"_timestamp":1.766947734100497e+09,"_step":255,"trainloss":5.370063781738281,"_runtime":84,"_wandb":{"runtime":84},"valloss":4.6214728355407715}