{"trainloss":14.30807876586914,"_wandb":{"runtime":86},"_runtime":86,"_timestamp":1.7669509891442778e+09,"_step":255,"valloss":13.610641479492188}