{"_timestamp":1.7666119849780562e+09,"trainloss":5.305309295654297,"_wandb":{"runtime":87},"_runtime":87,"_step":255,"valloss":5.4389142990112305}