{"valloss":4.184632301330566,"trainloss":2.0137012004852295,"_wandb":{"runtime":172},"_runtime":172,"_timestamp":1.7671916415105312e+09,"_step":767}