{"_timestamp":1.7669542106891916e+09,"_step":255,"trainloss":6.639156818389893,"_wandb":{"runtime":84},"_runtime":84,"valloss":6.472386837005615}