{"trainloss":5.218713760375977,"_runtime":86,"_wandb":{"runtime":86},"valloss":5.376644134521484,"_timestamp":1.7666005935802069e+09,"_step":255}