{"_wandb":{"runtime":86},"_runtime":86,"_step":255,"valloss":6.295356750488281,"_timestamp":1.7663545674585805e+09,"trainloss":5.720847129821777}