{"_wandb":{"runtime":85},"_runtime":85,"valloss":4.1301469802856445,"_timestamp":1.7669502450807898e+09,"_step":255,"trainloss":4.298342704772949}