{"_step":383,"trainloss":2.9273319244384766,"_runtime":106,"_wandb":{"runtime":106},"valloss":4.1702470779418945,"_timestamp":1.766319657284827e+09}