{"_runtime":170,"_step":767,"valloss":4.224103927612305,"_timestamp":1.7671883427720728e+09,"trainloss":2.059155225753784,"_wandb":{"runtime":170}}