{"_wandb":{"runtime":84},"valloss":4.62145471572876,"_timestamp":1.7669479401919777e+09,"_step":255,"trainloss":4.3964715003967285,"_runtime":84}