{"_runtime":87,"_wandb":{"runtime":87},"_step":255,"valloss":6.332828044891357,"_timestamp":1.7663537909575956e+09,"trainloss":6.0902509689331055}