{"_step":255,"valloss":6.594550132751465,"_timestamp":1.7669540849194496e+09,"trainloss":6.640257835388184,"_runtime":85,"_wandb":{"runtime":85}}