{"valloss":6.355605602264404,"_timestamp":1.766603273324845e+09,"_step":255,"trainloss":5.619333744049072,"_wandb":{"runtime":84},"_runtime":84}