{"_timestamp":1.7669482545057137e+09,"_step":255,"trainloss":4.393984794616699,"_wandb":{"runtime":83},"_runtime":83,"valloss":4.622626781463623}