{"trainloss":2.6422152519226074,"_wandb":{"runtime":86},"_runtime":86,"_step":255,"valloss":2.986823320388794,"_timestamp":1.766607396160089e+09}