{"_runtime":85,"valloss":4.983007907867432,"_timestamp":1.7666125491203017e+09,"_step":255,"trainloss":5.603766918182373,"_wandb":{"runtime":85}}