{"_runtime":87,"_step":255,"valloss":3.1422886848449707,"_timestamp":1.7663583396976264e+09,"trainloss":2.995506763458252,"_wandb":{"runtime":87}}