{"_runtime":86,"_timestamp":1.7665994763750398e+09,"_step":255,"valloss":5.391576290130615,"trainloss":5.245997428894043,"_wandb":{"runtime":86}}