{"_wandb":{"runtime":105},"_runtime":105,"_step":255,"valloss":6.592660903930664,"_timestamp":1.7669530691658225e+09,"trainloss":6.884215354919434}