{"trainloss":5.215354919433594,"_wandb":{"runtime":85},"_runtime":85,"valloss":5.3769989013671875,"_timestamp":1.7663525592687078e+09,"_step":255}