{"_runtime":86,"_timestamp":1.7663556955786474e+09,"_step":255,"valloss":6.354827404022217,"trainloss":6.132508277893066,"_wandb":{"runtime":86}}