{"_step":255,"valloss":6.514169216156006,"_timestamp":1.76635523208231e+09,"trainloss":6.152397632598877,"_wandb":{"runtime":86},"_runtime":86}