{"trainloss":1.9524646997451782,"_wandb":{"runtime":110},"_runtime":110,"_timestamp":1.766328156287886e+09,"_step":383,"valloss":1.470929741859436}