{"_wandb":{"runtime":110},"_runtime":110,"valloss":1.3647031784057617,"_timestamp":1.7663291190600624e+09,"_step":383,"trainloss":1.2635613679885864}