{"_timestamp":1.7671860610961752e+09,"trainloss":1.6748459339141846,"_wandb":{"runtime":172},"_runtime":172,"_step":767,"valloss":4.262133598327637}