{"_step":340,"trainloss":0.4913715422153473,"_wandb":{"runtime":99},"_runtime":99.353243221,"valloss":5.216640949249268,"_timestamp":1.76635013591762e+09}