{"valloss":3.142368793487549,"_timestamp":1.7663577403421974e+09,"_step":255,"trainloss":3.8610639572143555,"_wandb":{"runtime":86},"_runtime":86}