{"_wandb":{"runtime":86},"_runtime":86,"valloss":4.863218307495117,"_timestamp":1.7666102734039004e+09,"_step":255,"trainloss":5.2266974449157715}