{"_timestamp":1.7669510901048589e+09,"_step":255,"trainloss":10.981163024902344,"_wandb":{"runtime":83},"_runtime":83,"valloss":13.609376907348633}