{"_runtime":88,"_timestamp":1.7663634067540796e+09,"_step":255,"valloss":4.976405143737793,"trainloss":5.581499099731445,"_wandb":{"runtime":88}}