{"valloss":5.072992324829102,"trainloss":4.907209396362305,"_wandb":{"runtime":85},"_runtime":85,"_timestamp":1.7666110823114696e+09,"_step":255}