{"valloss":4.5411601066589355,"trainloss":2.7224717140197754,"_wandb":{"runtime":107},"_runtime":107,"_timestamp":1.766323689582695e+09,"_step":383}