{"trainloss":5.719298362731934,"_wandb":{"runtime":86},"_runtime":86,"valloss":5.352145671844482,"_timestamp":1.7666131147550333e+09,"_step":255}