{"valloss":4.060385227203369,"_timestamp":1.766321002191505e+09,"trainloss":2.8397023677825928,"_runtime":108,"_wandb":{"runtime":108},"_step":383}