{"_wandb":{"runtime":3216},"_runtime":3216,"valloss":0.7291464805603027,"_timestamp":1.766346087923406e+09,"_step":1749,"trainloss":0.7315773963928223}