{"_wandb":{"runtime":87},"_runtime":87,"_timestamp":1.766603030969898e+09,"_step":255,"valloss":6.514069080352783,"trainloss":6.151960372924805}