{"_timestamp":1.766948686479132e+09,"_step":255,"trainloss":4.075498104095459,"_wandb":{"runtime":85},"_runtime":85,"valloss":4.302441596984863}