{"_step":255,"trainloss":6.415038108825684,"_wandb":{"runtime":86},"_runtime":86,"valloss":6.35316276550293,"_timestamp":1.7666038149113503e+09}