{"_step":255,"valloss":6.30989933013916,"_timestamp":1.766356476625965e+09,"trainloss":7.186850547790527,"_wandb":{"runtime":86},"_runtime":86}