{"_wandb":{"runtime":86},"_runtime":86,"valloss":3.14353346824646,"_timestamp":1.7663585692025592e+09,"_step":255,"trainloss":2.6462039947509766}