{"trainloss":2.799811363220215,"_wandb":{"runtime":106},"_runtime":106,"valloss":4.158265590667725,"_timestamp":1.7663191824502e+09,"_step":383}