{"_step":255,"trainloss":4.240029335021973,"_wandb":{"runtime":87},"_runtime":87,"valloss":5.072879314422607,"_timestamp":1.7663624976607463e+09}