{"valloss":4.807112216949463,"_timestamp":1.76631751676118e+09,"_step":123,"trainloss":4.142427444458008,"_wandb":{"runtime":61},"_runtime":61}