{"trainloss":5.0833916664123535,"_wandb":{"runtime":102},"_runtime":102,"_step":255,"valloss":4.303192138671875,"_timestamp":1.7669485808801959e+09}