{"trainloss":6.080523490905762,"_wandb":{"runtime":85},"_runtime":85,"valloss":6.337892055511475,"_timestamp":1.766354011754912e+09,"_step":255}