{"trainloss":6.632895469665527,"_wandb":{"runtime":86},"_runtime":86,"valloss":6.592834949493408,"_timestamp":1.7669535771651824e+09,"_step":255}