{"_wandb":{"runtime":86},"_runtime":86,"_step":255,"valloss":6.355293273925781,"_timestamp":1.766356254323592e+09,"trainloss":6.757926940917969}