{"_timestamp":1.7666010560154417e+09,"_step":255,"valloss":6.335016250610352,"trainloss":5.683588027954102,"_wandb":{"runtime":85},"_runtime":85}