{"_wandb":{"runtime":86},"_runtime":86,"valloss":6.354111194610596,"_timestamp":1.7663555830322747e+09,"_step":255,"trainloss":7.071962356567383}