{"_runtime":41,"_step":0,"valloss":8.491055488586426,"_timestamp":1.7663302034276917e+09,"_wandb":{"runtime":41}}