{"_wandb":{"runtime":84},"_runtime":84,"valloss":4.131763458251953,"_timestamp":1.7669501408127942e+09,"_step":255,"trainloss":4.303999900817871}