{"_runtime":87,"valloss":5.072842121124268,"_timestamp":1.7666116440860946e+09,"_step":255,"trainloss":5.225883960723877,"_wandb":{"runtime":87}}