{"_timestamp":1.7663632973738074e+09,"trainloss":5.301883697509766,"_wandb":{"runtime":88},"_runtime":88,"_step":255,"valloss":5.438896179199219}