{"_wandb":{"runtime":43},"_runtime":43,"valloss":5.849091053009033,"_timestamp":1.7658175890547626e+09,"_step":6}