{"_wandb":{"runtime":109},"_runtime":109,"_step":383,"valloss":4.62598991394043,"_timestamp":1.7663256888894353e+09,"trainloss":3.1503028869628906}