{"_step":255,"trainloss":5.8613505363464355,"_wandb":{"runtime":87},"_runtime":87,"valloss":4.97884464263916,"_timestamp":1.7663637532088463e+09}