{"_wandb":{"runtime":87},"_runtime":87,"_step":255,"valloss":5.072725772857666,"_timestamp":1.7666117579240954e+09,"trainloss":5.916518211364746}