{"trainloss":2.7496190071105957,"_runtime":3007,"_wandb":{"runtime":3007},"_step":7014,"valloss":2.6373062133789062,"_timestamp":1.7659899335088677e+09}