{"_step":255,"trainloss":5.1624932289123535,"_runtime":85,"_wandb":{"runtime":85},"valloss":5.391473770141602,"_timestamp":1.7665990221370041e+09}