{"_runtime":108,"_step":383,"valloss":2.3948400020599365,"_timestamp":1.766346414806112e+09,"trainloss":1.5063143968582153,"_wandb":{"runtime":108}}