{"_step":255,"valloss":4.985127925872803,"_timestamp":1.7663599875973403e+09,"trainloss":4.873128890991211,"_wandb":{"runtime":111},"_runtime":111}