{"_timestamp":1.7669476313928368e+09,"_step":255,"valloss":4.623503684997559,"trainloss":4.082549095153809,"_wandb":{"runtime":84},"_runtime":84}