{"_runtime":87,"_wandb":{"runtime":87},"valloss":6.3071088790893555,"_timestamp":1.766356693763488e+09,"_step":255,"trainloss":6.981471538543701}