{"valloss":4.990362644195557,"_timestamp":1.7666089137030375e+09,"trainloss":5.109223365783691,"_wandb":{"runtime":86},"_runtime":86,"_step":255}