{"_runtime":152,"valloss":2.3990862369537354,"_timestamp":1.7663462837821522e+09,"_step":383,"trainloss":1.5063903331756592,"_wandb":{"runtime":152}}