{"trainloss":2.5604281425476074,"_wandb":{"runtime":106},"_runtime":106,"valloss":4.069267272949219,"_timestamp":1.7663211294772856e+09,"_step":383}