{"_runtime":87,"valloss":6.57893180847168,"_timestamp":1.7663574826037362e+09,"_step":255,"trainloss":7.166594505310059,"_wandb":{"runtime":87}}