{"_runtime":85,"valloss":2.771355152130127,"_timestamp":1.7666078589111063e+09,"_step":255,"trainloss":2.4991073608398438,"_wandb":{"runtime":85}}