{"_wandb":{"runtime":107},"_runtime":107,"valloss":3.983243703842163,"_timestamp":1.7663497313231864e+09,"_step":383,"trainloss":2.7693724632263184}