{"trainloss":3.755648612976074,"_wandb":{"runtime":83},"_runtime":83,"_step":255,"valloss":4.1896538734436035,"_timestamp":1.7669505511518965e+09}