{"trainloss":2.3197689056396484,"_wandb":{"runtime":106},"_runtime":106,"_timestamp":1.766321261405704e+09,"_step":383,"valloss":4.0794854164123535}