{"_timestamp":1.7666118701486146e+09,"trainloss":5.300560474395752,"_wandb":{"runtime":86},"_runtime":86,"_step":255,"valloss":5.082668781280518}