{"valloss":6.306675434112549,"_timestamp":1.7666044825320642e+09,"_step":255,"trainloss":6.987146854400635,"_wandb":{"runtime":86},"_runtime":86}