{"valloss":4.592065811157227,"_timestamp":1.7663227489749088e+09,"_step":383,"trainloss":2.9890201091766357,"_wandb":{"runtime":108},"_runtime":108}