{"_runtime":50.420572737,"valloss":5.221502304077148,"_timestamp":1.7663193906558018e+09,"_step":57,"trainloss":5.6682586669921875,"_wandb":{"runtime":50}}