{"valloss":5.37468147277832,"_timestamp":1.7663521314241095e+09,"_step":255,"trainloss":6.638842582702637,"_wandb":{"runtime":86},"_runtime":86}