{"_timestamp":1.7666036046066852e+09,"_step":255,"trainloss":6.937863826751709,"_runtime":83,"_wandb":{"runtime":83},"valloss":6.354930400848389}