{"_timestamp":1.7663218196219254e+09,"trainloss":3.011730194091797,"_runtime":126,"_wandb":{"runtime":126},"_step":383,"valloss":4.615185260772705}