{"_timestamp":1.7671892926695738e+09,"trainloss":1.891177773475647,"_wandb":{"runtime":171},"_runtime":171,"_step":767,"valloss":4.255976676940918}