{"valloss":4.254131317138672,"_timestamp":1.767186631492557e+09,"trainloss":2.071577787399292,"_wandb":{"runtime":173},"_runtime":173,"_step":767}