{"_wandb":{"runtime":172},"_runtime":172,"_step":767,"valloss":4.275766849517822,"_timestamp":1.76718625147626e+09,"trainloss":2.174295425415039}