{"trainloss":6.757187843322754,"_wandb":{"runtime":84},"_runtime":84,"valloss":6.355017185211182,"_timestamp":1.7666040364676182e+09,"_step":255}