{"_runtime":88,"_wandb":{"runtime":88},"valloss":4.983047008514404,"_timestamp":1.7663635211602345e+09,"_step":255,"trainloss":5.279474258422852}