{"_timestamp":1.766363065014554e+09,"_step":255,"trainloss":5.923152923583984,"_wandb":{"runtime":87},"_runtime":87,"valloss":5.071846961975098}