{"trainloss":2.7475173473358154,"_runtime":2917,"_wandb":{"runtime":2917},"_step":1749,"valloss":2.634662628173828,"_timestamp":1.7660027903884034e+09}