{"_runtime":83,"_step":255,"valloss":6.3346405029296875,"_timestamp":1.7666012769278271e+09,"trainloss":5.721673488616943,"_wandb":{"runtime":83}}