{"trainloss":2.185243606567383,"_wandb":{"runtime":107},"_runtime":107,"_timestamp":1.7663201931510327e+09,"_step":383,"valloss":4.164080619812012}