{"_step":255,"valloss":2.7739431858062744,"trainloss":2.539480447769165,"_wandb":{"runtime":86},"_runtime":86,"_timestamp":1.766358918831824e+09}