{"valloss":4.981451988220215,"_timestamp":1.7663642034846761e+09,"trainloss":5.177087306976318,"_wandb":{"runtime":88},"_runtime":88,"_step":255}