{"_runtime":85,"valloss":6.333842754364014,"_timestamp":1.7663532343624976e+09,"_step":255,"trainloss":5.688223838806152,"_wandb":{"runtime":85}}