{"valloss":6.347721576690674,"_timestamp":1.7669519885643246e+09,"_step":255,"trainloss":6.812091827392578,"_wandb":{"runtime":85},"_runtime":85}