{"_step":255,"valloss":6.334754467010498,"_timestamp":1.7666011683918278e+09,"trainloss":6.695039749145508,"_wandb":{"runtime":86},"_runtime":86}