{"_runtime":106,"_wandb":{"runtime":106},"_step":383,"valloss":4.549445629119873,"_timestamp":1.7663270211264102e+09,"trainloss":3.0841946601867676}