{"_wandb":{"runtime":107},"_step":383,"valloss":4.66340446472168,"_timestamp":1.7663232880363543e+09,"trainloss":2.9958555698394775,"_runtime":107}