{"_step":255,"valloss":3.14151930809021,"_timestamp":1.76635845389156e+09,"trainloss":1.7795847654342651,"_wandb":{"runtime":86},"_runtime":86}