{"_wandb":{"runtime":108},"_runtime":108,"_step":383,"valloss":4.68117094039917,"_timestamp":1.766325958049912e+09,"trainloss":3.158215045928955}