{"_wandb":{"runtime":173},"_runtime":173,"valloss":4.294283390045166,"_timestamp":1.7671873925895858e+09,"_step":767,"trainloss":1.9710289239883423}