{"valloss":6.335932731628418,"trainloss":6.0828962326049805,"_wandb":{"runtime":86},"_runtime":86,"_timestamp":1.766601816827259e+09,"_step":255}