{"trainloss":2.5595040321350098,"_wandb":{"runtime":108},"_runtime":108,"_step":383,"valloss":4.056696891784668,"_timestamp":1.7663213946752205e+09}