{"_wandb":{"runtime":85},"_runtime":85,"_step":255,"valloss":6.332168102264404,"_timestamp":1.7666017098300095e+09,"trainloss":6.088567733764648}