{"_timestamp":1.7663601003132915e+09,"_step":255,"trainloss":5.6516923904418945,"_wandb":{"runtime":87},"_runtime":87,"valloss":4.993624210357666}