{"trainloss":6.4195780754089355,"_wandb":{"runtime":87},"_runtime":87,"_step":255,"valloss":6.307674407958984,"_timestamp":1.7663571441832352e+09}