{"_timestamp":1.7663522409623895e+09,"_step":255,"trainloss":6.2947564125061035,"_runtime":85,"_wandb":{"runtime":85},"valloss":5.374311447143555}