{"trainloss":6.7746782302856445,"_wandb":{"runtime":86},"_runtime":86,"valloss":6.346136569976807,"_timestamp":1.7669518502631733e+09,"_step":255}