{"trainloss":2.954979419708252,"_wandb":{"runtime":109},"_runtime":109,"_step":383,"valloss":4.922584056854248,"_timestamp":1.7663260932723646e+09}