{"_wandb":{"runtime":106},"_runtime":106,"valloss":4.642614364624023,"_timestamp":1.7663250284882271e+09,"_step":383,"trainloss":3.044175148010254}