{"_step":767,"trainloss":2.093571662902832,"_runtime":170,"_wandb":{"runtime":170},"valloss":4.196970462799072,"_timestamp":1.7671926298167112e+09}