{"valloss":4.976528167724609,"_timestamp":1.7666120985591898e+09,"trainloss":5.58283805847168,"_runtime":87,"_wandb":{"runtime":87},"_step":255}