{"_wandb":{"runtime":84},"_runtime":84,"valloss":5.003564357757568,"_timestamp":1.7666095908002036e+09,"_step":255,"trainloss":5.0509819984436035}