{"_runtime":173,"_step":767,"valloss":4.232274532318115,"_timestamp":1.7671898964883707e+09,"trainloss":2.0991973876953125,"_wandb":{"runtime":173}}