{"valloss":4.563340663909912,"_timestamp":1.7663267564912229e+09,"_step":383,"trainloss":2.7258334159851074,"_wandb":{"runtime":107},"_runtime":107}