{"trainloss":6.01068115234375,"_runtime":87,"_wandb":{"runtime":87},"valloss":6.298125743865967,"_timestamp":1.7663551215712361e+09,"_step":255}