{"_timestamp":1.7658179065060363e+09,"_wandb":{"runtime":72},"_runtime":72,"_step":22,"valloss":5.677237510681152}