{"_runtime":86,"valloss":6.310095310211182,"_timestamp":1.7666042601007965e+09,"_step":255,"trainloss":7.194864273071289,"_wandb":{"runtime":86}}