{"_step":255,"valloss":3.1435048580169678,"_timestamp":1.7666057744244227e+09,"trainloss":2.223243474960327,"_wandb":{"runtime":87},"_runtime":87}