{"trainloss":5.1466264724731445,"_wandb":{"runtime":87},"_runtime":87,"valloss":4.989511013031006,"_timestamp":1.7663606643532903e+09,"_step":255}