{"_timestamp":1.7666023688806581e+09,"_step":255,"trainloss":5.716332912445068,"_wandb":{"runtime":85},"_runtime":85,"valloss":6.293794631958008}