{"_timestamp":1.7671912545224066e+09,"trainloss":2.155958890914917,"_wandb":{"runtime":172},"_runtime":172,"_step":767,"valloss":4.254998683929443}