{"trainloss":2.7467589378356934,"_wandb":{"runtime":85},"_runtime":85,"_step":263,"valloss":2.5521678924560547,"_timestamp":1.7663467802083151e+09}