{"_runtime":108,"_step":383,"valloss":1.357123613357544,"_timestamp":1.7663289810024931e+09,"trainloss":1.3163137435913086,"_wandb":{"runtime":108}}