{"valloss":3.1433451175689697,"_timestamp":1.7663579927426398e+09,"trainloss":2.224703550338745,"_wandb":{"runtime":87},"_runtime":87,"_step":255}