{"valloss":6.35399866104126,"_timestamp":1.766356143410285e+09,"trainloss":6.762922286987305,"_wandb":{"runtime":86},"_runtime":86,"_step":255}