{"trainloss":4.401578903198242,"_wandb":{"runtime":84},"_runtime":84,"_step":255,"valloss":4.621781826019287,"_timestamp":1.7669478373215094e+09}