{"_runtime":108,"_wandb":{"runtime":108},"_step":383,"valloss":3.9948225021362305,"_timestamp":1.7663499876815555e+09,"trainloss":2.2651314735412598}