{"valloss":4.863640308380127,"_timestamp":1.7663613351199038e+09,"_step":255,"trainloss":4.933279037475586,"_wandb":{"runtime":87},"_runtime":87}