{"_runtime":110,"_timestamp":1.766318208651764e+09,"_step":383,"valloss":4.178317070007324,"trainloss":2.78305983543396,"_wandb":{"runtime":110}}