{"_wandb":{"runtime":207},"_runtime":207,"valloss":5.216900825500488,"_timestamp":1.7671854684995449e+09,"_step":511,"trainloss":4.625974655151367}