{"trainloss":5.6996941566467285,"_wandb":{"runtime":87},"_runtime":87,"_step":255,"valloss":4.864181995391846,"_timestamp":1.766610613837085e+09}