{"_timestamp":1.7669513747588325e+09,"_step":255,"valloss":13.612022399902344,"trainloss":14.312313079833984,"_wandb":{"runtime":85},"_runtime":85}