{"_timestamp":1.7663598460957925e+09,"trainloss":2.7121012210845947,"_wandb":{"runtime":87},"_runtime":87,"_step":255,"valloss":2.709658622741699}