{"_step":255,"trainloss":12.860897064208984,"_wandb":{"runtime":83},"_runtime":83,"valloss":13.612521171569824,"_timestamp":1.7669507787424684e+09}