{"_step":383,"valloss":4.576456069946289,"_timestamp":1.766326889218847e+09,"trainloss":2.71169376373291,"_wandb":{"runtime":108},"_runtime":108}