{"trainloss":4.061171531677246,"_wandb":{"runtime":64},"_runtime":64,"valloss":4.834722995758057,"_timestamp":1.7663503162113664e+09,"_step":127}