{"_runtime":87,"_step":255,"valloss":2.7718589305877686,"_timestamp":1.7663597285384033e+09,"trainloss":2.7112479209899902,"_wandb":{"runtime":87}}