{"trainloss":6.012136459350586,"_wandb":{"runtime":86},"_runtime":86,"_timestamp":1.766354897278157e+09,"_step":255,"valloss":6.293614864349365}