{"_step":383,"trainloss":2.8028368949890137,"_wandb":{"runtime":110},"_runtime":110,"valloss":4.638810634613037,"_timestamp":1.7663254323321428e+09}