{"_runtime":85,"_step":255,"valloss":5.375428676605225,"_timestamp":1.7663523470779667e+09,"trainloss":5.148574352264404,"_wandb":{"runtime":85}}