{"_wandb":{"runtime":173},"_runtime":173,"valloss":4.191703796386719,"_timestamp":1.7671924348269603e+09,"_step":767,"trainloss":1.901200771331787}