{"_wandb":{"runtime":111},"_runtime":111,"_timestamp":1.7663242118019748e+09,"_step":383,"valloss":4.544156074523926,"trainloss":2.838362216949463}