{"_runtime":170,"_wandb":{"runtime":170},"_timestamp":1.767187962738369e+09,"_step":767,"valloss":4.224025249481201,"trainloss":1.6271846294403076}