{"_runtime":107,"_step":255,"valloss":6.33601713180542,"_timestamp":1.7663531231962132e+09,"trainloss":5.346961975097656,"_wandb":{"runtime":107}}