{"_timestamp":1.7663216659330204e+09,"_step":383,"trainloss":2.5407023429870605,"_wandb":{"runtime":109},"_runtime":109,"valloss":4.113125801086426}