{"_step":255,"valloss":6.354812145233154,"_timestamp":1.7663554710642622e+09,"trainloss":5.619953155517578,"_runtime":86,"_wandb":{"runtime":86}}