{"valloss":4.1287360191345215,"_timestamp":1.7669498315317836e+09,"_step":255,"trainloss":3.976576805114746,"_wandb":{"runtime":85},"_runtime":85}