{"_wandb":{"runtime":111},"_runtime":111,"valloss":4.178317070007324,"_timestamp":1.7663176370667071e+09,"_step":383,"trainloss":2.78305983543396}