{"valloss":4.257559299468994,"_timestamp":1.7671868193577435e+09,"_step":767,"trainloss":1.9781169891357422,"_wandb":{"runtime":169},"_runtime":169}