{"_step":255,"valloss":6.296539783477783,"_timestamp":1.766354455107002e+09,"trainloss":6.6423187255859375,"_wandb":{"runtime":86},"_runtime":86}