{"_runtime":104,"_step":255,"valloss":6.356435298919678,"_timestamp":1.7666031629006386e+09,"trainloss":7.263188362121582,"_wandb":{"runtime":104}}