{"_step":255,"trainloss":5.242524147033691,"_wandb":{"runtime":86},"_runtime":86,"valloss":5.391432285308838,"_timestamp":1.7663516846912496e+09}