{"_timestamp":1.76659936306393e+09,"_step":255,"trainloss":4.944675445556641,"_wandb":{"runtime":88},"_runtime":88,"valloss":5.392105579376221}