{"_runtime":64,"_timestamp":1.7663507144763615e+09,"_step":127,"valloss":4.833785057067871,"trainloss":4.813678741455078,"_wandb":{"runtime":64}}