{"valloss":5.8618669509887695,"_timestamp":1.7658174611860187e+09,"_wandb":{"runtime":61},"_runtime":61,"_step":0}