{"_timestamp":1.7663621325825458e+09,"trainloss":5.405580520629883,"_wandb":{"runtime":87},"_runtime":87,"_step":255,"valloss":5.214780807495117}