{"_step":255,"valloss":5.002582550048828,"_timestamp":1.7663608851595757e+09,"trainloss":5.050020694732666,"_wandb":{"runtime":87},"_runtime":87}