{"_step":255,"valloss":2.7708396911621094,"_timestamp":1.7666077456421604e+09,"trainloss":2.2803902626037598,"_wandb":{"runtime":85},"_runtime":85}