{"_timestamp":1.7663244781170595e+09,"_step":383,"trainloss":2.8377065658569336,"_wandb":{"runtime":107},"_runtime":107,"valloss":4.5329813957214355}