{"valloss":4.21696662902832,"_timestamp":1.767188532084815e+09,"_step":767,"trainloss":2.0289387702941895,"_wandb":{"runtime":171},"_runtime":171}