{"_runtime":85,"_step":255,"valloss":5.376125812530518,"_timestamp":1.7666004808326292e+09,"trainloss":4.926504611968994,"_wandb":{"runtime":85}}