{"_step":255,"valloss":6.651538848876953,"_timestamp":1.766604148967699e+09,"trainloss":7.244814395904541,"_wandb":{"runtime":87},"_runtime":87}