{"_timestamp":1.7663248971087637e+09,"_step":383,"valloss":4.665462493896484,"trainloss":3.200331687927246,"_wandb":{"runtime":132},"_runtime":132}