{"_step":383,"trainloss":2.83795166015625,"_runtime":108,"_wandb":{"runtime":108},"valloss":4.523228168487549,"_timestamp":1.7663243458424625e+09}