{"_runtime":85,"valloss":5.390031337738037,"_timestamp":1.7665988012100146e+09,"_step":255,"trainloss":6.6375041007995605,"_wandb":{"runtime":85}}