{"_runtime":85,"_wandb":{"runtime":85},"valloss":5.389074325561523,"_timestamp":1.7663517957420406e+09,"_step":255,"trainloss":5.775440692901611}