{"_runtime":108,"valloss":3.9822957515716553,"_timestamp":1.7663494759120994e+09,"_step":383,"trainloss":2.427237033843994,"_wandb":{"runtime":108}}