{"_runtime":86,"valloss":6.3550262451171875,"_timestamp":1.7666034954350579e+09,"_step":255,"trainloss":6.134746551513672,"_wandb":{"runtime":86}}