{"trainloss":6.303356170654297,"_wandb":{"runtime":86},"_runtime":86,"valloss":5.389403343200684,"_timestamp":1.7663511572393796e+09,"_step":255}