{"_step":255,"trainloss":3.571101427078247,"_runtime":86,"_wandb":{"runtime":86},"valloss":2.7723429203033447,"_timestamp":1.7666082077465513e+09}