{"trainloss":2.7499473094940186,"_runtime":109,"_wandb":{"runtime":109},"valloss":4.657897472381592,"_timestamp":1.7663255609273794e+09,"_step":383}