{"_timestamp":1.7666071634768808e+09,"_step":255,"valloss":3.14192271232605,"trainloss":1.7799928188323975,"_wandb":{"runtime":87},"_runtime":87}