{"valloss":5.3907790184021,"trainloss":5.49376106262207,"_runtime":85,"_wandb":{"runtime":85},"_timestamp":1.7663509455072813e+09,"_step":255}