{"_wandb":{"runtime":87},"_runtime":87,"_step":255,"valloss":2.7736542224884033,"_timestamp":1.766607629312485e+09,"trainloss":2.5375559329986572}