{"_timestamp":1.766608801649155e+09,"trainloss":5.649131774902344,"_wandb":{"runtime":86},"_runtime":86,"_step":255,"valloss":4.9941630363464355}