{"_step":383,"valloss":4.156790733337402,"trainloss":2.802119493484497,"_wandb":{"runtime":141},"_runtime":141,"_timestamp":1.7662735141029606e+09}