{"_runtime":88,"_timestamp":1.7663573695758357e+09,"_step":255,"valloss":6.309840202331543,"trainloss":6.672202110290527,"_wandb":{"runtime":88}}