{"_wandb":{"runtime":86},"_runtime":86,"_step":255,"valloss":4.995527267456055,"_timestamp":1.7666130024997365e+09,"trainloss":5.71965217590332}