{"_wandb":{"runtime":86},"_runtime":86,"_timestamp":1.766353567207342e+09,"_step":255,"valloss":6.333733558654785,"trainloss":5.805049419403076}