{"_wandb":{"runtime":108},"_runtime":108,"valloss":4.05821418762207,"_timestamp":1.7663215292766309e+09,"_step":383,"trainloss":2.1610355377197266}