{"_step":383,"valloss":4.604987144470215,"_timestamp":1.766322481076039e+09,"trainloss":3.002936601638794,"_wandb":{"runtime":109},"_runtime":109}