{"_wandb":{"runtime":109},"_runtime":109,"valloss":5.068667888641357,"_timestamp":1.7663622689766066e+09,"_step":255,"trainloss":6.024105072021484}