{"_runtime":105,"_step":255,"valloss":6.3567304611206055,"_timestamp":1.7663553636419654e+09,"trainloss":7.260119438171387,"_wandb":{"runtime":105}}