{"_step":255,"trainloss":4.943166732788086,"_runtime":84,"_wandb":{"runtime":84},"valloss":5.392112731933594,"_timestamp":1.7663515791483805e+09}