{"valloss":4.9911065101623535,"trainloss":5.106044769287109,"_wandb":{"runtime":86},"_runtime":86,"_timestamp":1.7663602144160266e+09,"_step":255}