{"_wandb":{"runtime":666},"valloss":3.971453905105591,"_timestamp":1.765996578823881e+09,"_step":1138,"trainloss":4.023669719696045,"_runtime":666}