{"_timestamp":1.7666002571006894e+09,"_step":255,"trainloss":5.868375301361084,"_wandb":{"runtime":86},"_runtime":86,"valloss":5.375339031219482}