{"_runtime":85,"_wandb":{"runtime":85},"_step":255,"valloss":4.303135871887207,"_timestamp":1.7669490888645391e+09,"trainloss":4.427369117736816}