{"_timestamp":1.7663272860810452e+09,"_step":383,"valloss":4.606197357177734,"trainloss":3.121272325515747,"_wandb":{"runtime":109},"_runtime":109}