{"_step":255,"trainloss":4.728487968444824,"_wandb":{"runtime":87},"_runtime":87,"valloss":4.986995220184326,"_timestamp":1.7666092523616557e+09}