{"_timestamp":1.7666021492213027e+09,"_step":255,"trainloss":5.66374397277832,"_wandb":{"runtime":85},"_runtime":85,"valloss":6.294529438018799}