{"_step":255,"valloss":5.394404888153076,"_timestamp":1.7663514753815615e+09,"trainloss":5.238200664520264,"_wandb":{"runtime":86},"_runtime":86}