{"_timestamp":1.766605153173318e+09,"trainloss":6.671903610229492,"_wandb":{"runtime":86},"_runtime":86,"_step":255,"valloss":6.309394836425781}