{"valloss":4.199148654937744,"_timestamp":1.7663203277522337e+09,"_step":383,"trainloss":2.6138148307800293,"_runtime":107,"_wandb":{"runtime":107}}