{"_wandb":{"runtime":87},"_runtime":87,"_step":255,"valloss":4.982023239135742,"_timestamp":1.766364095254162e+09,"trainloss":4.489096641540527}