{"_wandb":{"runtime":84},"_timestamp":1.7665996997080536e+09,"_step":255,"valloss":5.273212909698486,"trainloss":5.2385663986206055,"_runtime":84}