{"_step":1749,"valloss":0.6940681338310242,"trainloss":0.689407467842102,"_wandb":{"runtime":3498},"_runtime":3498,"_timestamp":1.7660124268131828e+09}