{"_timestamp":1.76719008554762e+09,"_step":767,"trainloss":2.2976932525634766,"_wandb":{"runtime":170},"_runtime":170,"valloss":4.235604763031006}