{"valloss":4.178317070007324,"_timestamp":1.766317922445788e+09,"_step":383,"trainloss":2.78305983543396,"_runtime":109,"_wandb":{"runtime":109}}