{"_wandb":{"runtime":88},"_runtime":88,"_step":255,"valloss":6.308197021484375,"_timestamp":1.766604595541051e+09,"trainloss":6.118987083435059}