{"_timestamp":1.766328291313739e+09,"_step":383,"trainloss":1.825348138809204,"_wandb":{"runtime":109},"_runtime":109,"valloss":1.463044285774231}