{"_timestamp":1.7669488934625363e+09,"_step":255,"trainloss":4.46668004989624,"_wandb":{"runtime":84},"_runtime":84,"valloss":4.3029398918151855}