{"trainloss":6.020965576171875,"_wandb":{"runtime":86},"_runtime":86,"_step":255,"valloss":6.334051609039307,"_timestamp":1.7663536788711905e+09}