{"trainloss":3.8593785762786865,"_wandb":{"runtime":87},"_runtime":87,"valloss":3.1423392295837402,"_timestamp":1.766605524187587e+09,"_step":255}