{"_runtime":86,"_step":255,"valloss":5.391058921813965,"_timestamp":1.7663512640944448e+09,"trainloss":5.160078048706055,"_wandb":{"runtime":86}}