{"valloss":2.7724697589874268,"trainloss":3.5663065910339355,"_wandb":{"runtime":86},"_runtime":86,"_timestamp":1.7663594935655363e+09,"_step":255}