{"trainloss":3.440614700317383,"_wandb":{"runtime":106},"_runtime":106,"_timestamp":1.7663576148646379e+09,"_step":255,"valloss":3.140251874923706}