{"trainloss":3.0837671756744385,"_wandb":{"runtime":108},"_runtime":108,"_timestamp":1.7663234220956976e+09,"_step":383,"valloss":4.790142059326172}