{"trainloss":2.4674816131591797,"_wandb":{"runtime":88},"_runtime":88,"valloss":2.770698070526123,"_timestamp":1.7663596118219635e+09,"_step":255}