{"trainloss":4.560497283935547,"_runtime":87,"_wandb":{"runtime":87},"_step":255,"valloss":5.076320648193359,"_timestamp":1.7663627238371904e+09}