{"_wandb":{"runtime":87},"_runtime":87,"_step":255,"valloss":5.3299031257629395,"_timestamp":1.7663609934700332e+09,"trainloss":5.644115447998047}