{"_runtime":87,"_step":255,"valloss":4.864282608032227,"_timestamp":1.7666100476450868e+09,"trainloss":4.933812141418457,"_wandb":{"runtime":87}}