{"_runtime":87,"valloss":4.864775657653809,"_timestamp":1.766361448664814e+09,"_step":255,"trainloss":5.853666305541992,"_wandb":{"runtime":87}}