{"_wandb":{"runtime":86},"_runtime":86,"_step":255,"valloss":3.1437933444976807,"_timestamp":1.7666068150831473e+09,"trainloss":2.0547637939453125}