{"_step":255,"valloss":6.29760217666626,"trainloss":6.011328220367432,"_runtime":85,"_wandb":{"runtime":85},"_timestamp":1.766602918332077e+09}