{"_step":255,"valloss":6.332301139831543,"_timestamp":1.7666016046389713e+09,"trainloss":6.094093322753906,"_wandb":{"runtime":85},"_runtime":85}