{"_timestamp":1.766603709074783e+09,"_step":255,"trainloss":6.296567916870117,"_wandb":{"runtime":85},"_runtime":85,"valloss":6.355771064758301}