{"_wandb":{"runtime":85},"_timestamp":1.7666050418037243e+09,"_step":255,"valloss":6.307416915893555,"trainloss":6.674738883972168,"_runtime":85}