{"valloss":5.373289585113525,"_timestamp":1.7665998068819199e+09,"trainloss":5.480051040649414,"_runtime":84,"_wandb":{"runtime":84},"_step":255}