{"valloss":4.860947608947754,"_timestamp":1.7666104998619764e+09,"trainloss":5.9489874839782715,"_runtime":87,"_wandb":{"runtime":87},"_step":255}