{"_wandb":{"runtime":86},"_runtime":86,"valloss":4.8607354164123535,"_timestamp":1.766609816532465e+09,"_step":255,"trainloss":4.591777801513672}