{"trainloss":7.073070526123047,"_wandb":{"runtime":84},"_runtime":84,"_step":255,"valloss":6.353260517120361,"_timestamp":1.7666033830340781e+09}