{"_step":255,"valloss":6.353434085845947,"_timestamp":1.766356031678784e+09,"trainloss":6.414894104003906,"_wandb":{"runtime":86},"_runtime":86}