{"_runtime":108,"_timestamp":1.7663222178026378e+09,"_step":383,"valloss":4.595804214477539,"trainloss":2.908596992492676,"_wandb":{"runtime":108}}