{"_timestamp":1.7666052661760762e+09,"_step":255,"trainloss":7.167263031005859,"_wandb":{"runtime":87},"_runtime":87,"valloss":6.579700946807861}