{"_timestamp":1.7663572561099212e+09,"trainloss":6.671754837036133,"_wandb":{"runtime":85},"_runtime":85,"_step":255,"valloss":6.30750036239624}