{"_runtime":86,"_step":255,"valloss":6.572423458099365,"_timestamp":1.766354121155655e+09,"trainloss":6.213776588439941,"_wandb":{"runtime":86}}