{"_runtime":43.156314447,"valloss":5.710285663604736,"_timestamp":1.766348287399504e+09,"_step":16,"trainloss":5.639919281005859,"_wandb":{"runtime":43}}