{"trainloss":3.8097617626190186,"_wandb":{"runtime":87},"_runtime":87,"valloss":2.7692975997924805,"_timestamp":1.7663588046993268e+09,"_step":255}