{"_runtime":3013,"_step":1749,"valloss":3.4361023902893066,"_timestamp":1.7659997820430355e+09,"trainloss":3.3480005264282227,"_wandb":{"runtime":3013}}