{"valloss":5.071795463562012,"_timestamp":1.7666115320528412e+09,"_step":255,"trainloss":5.080917835235596,"_runtime":88,"_wandb":{"runtime":88}}