{"trainloss":7.246332168579102,"_wandb":{"runtime":86},"_runtime":86,"valloss":6.652352333068848,"_timestamp":1.766356365454797e+09,"_step":255}