{"_wandb":{"runtime":3023},"_step":1749,"valloss":3.4418532848358154,"_timestamp":1.7663427727262201e+09,"trainloss":3.4544951915740967,"_runtime":3023}