{"_wandb":{"runtime":84},"_runtime":84,"valloss":6.34541654586792,"_timestamp":1.7669522590727322e+09,"_step":255,"trainloss":6.183305740356445}