{"valloss":4.271392345428467,"trainloss":1.8550925254821777,"_wandb":{"runtime":174},"_runtime":174,"_timestamp":1.7671858698187776e+09,"_step":767}