{"_wandb":{"runtime":112},"_runtime":112,"valloss":1.5731889009475708,"_timestamp":1.7663288438324454e+09,"_step":383,"trainloss":1.1725752353668213}