{"_wandb":{"runtime":86},"_step":255,"valloss":3.143035888671875,"_timestamp":1.7666069306150906e+09,"trainloss":2.135114908218384,"_runtime":86}