{"_timestamp":1.7663263569367611e+09,"_step":383,"trainloss":2.982734203338623,"_wandb":{"runtime":108},"_runtime":108,"valloss":4.560340404510498}