{"_step":255,"valloss":6.593932628631592,"trainloss":7.108738899230957,"_wandb":{"runtime":85},"_runtime":85,"_timestamp":1.7669531957476957e+09}