{"_timestamp":1.7666114184411385e+09,"_step":255,"trainloss":4.559689044952393,"_wandb":{"runtime":86},"_runtime":86,"valloss":5.0759077072143555}