{"_step":767,"trainloss":2.183687210083008,"_wandb":{"runtime":172},"_runtime":172,"valloss":4.215350151062012,"_timestamp":1.7671910563910449e+09}