{"trainloss":2.19557523727417,"_wandb":{"runtime":141},"_runtime":141,"_timestamp":1.7662733619903514e+09,"_step":383,"valloss":4.177867889404297}