{"_step":767,"trainloss":2.020207405090332,"_wandb":{"runtime":173},"_runtime":173,"valloss":4.239371299743652,"_timestamp":1.7671881536865666e+09}