{"_step":255,"trainloss":2.281989336013794,"_wandb":{"runtime":87},"_runtime":87,"valloss":2.771251678466797,"_timestamp":1.7663590362600377e+09}