{"_timestamp":1.766608441302798e+09,"_step":255,"trainloss":2.712580680847168,"_wandb":{"runtime":86},"_runtime":86,"valloss":2.7728219032287598}