{"_wandb":{"runtime":87},"_runtime":87,"_step":255,"valloss":2.7715179920196533,"_timestamp":1.7663591468010137e+09,"trainloss":2.4956135749816895}