{"_runtime":173,"valloss":4.160992622375488,"_timestamp":1.7671928228863854e+09,"_step":767,"trainloss":2.091099500656128,"_wandb":{"runtime":173}}