{"trainloss":3.441220760345459,"_wandb":{"runtime":106},"_runtime":106,"_step":255,"valloss":3.140205144882202,"_timestamp":1.766605397761254e+09}