{"_step":255,"valloss":4.982409477233887,"_timestamp":1.7663639822510805e+09,"trainloss":5.431207656860352,"_wandb":{"runtime":87},"_runtime":87}