{"_step":383,"trainloss":2.5508909225463867,"_wandb":{"runtime":107},"_runtime":107,"valloss":4.164109706878662,"_timestamp":1.766319314977743e+09}