{"trainloss":5.810445785522461,"_wandb":{"runtime":86},"_runtime":86,"_timestamp":1.766602480821732e+09,"_step":255,"valloss":6.294618129730225}