{"_timestamp":1.7669504515597222e+09,"trainloss":3.803666591644287,"_wandb":{"runtime":84},"_runtime":84,"_step":255,"valloss":4.130234718322754}