{"_step":767,"valloss":4.209256649017334,"_timestamp":1.7671908587119896e+09,"trainloss":2.157653331756592,"_wandb":{"runtime":174},"_runtime":174}