{"_step":255,"trainloss":4.426255702972412,"_wandb":{"runtime":85},"_runtime":85,"valloss":4.304960250854492,"_timestamp":1.7669489946361995e+09}