{"_step":255,"trainloss":6.027986526489258,"_wandb":{"runtime":104},"_runtime":104,"valloss":5.069409370422363,"_timestamp":1.7666109712624075e+09}