{"_runtime":86,"_timestamp":1.7666072777256377e+09,"_step":255,"valloss":3.143449544906616,"trainloss":2.6441338062286377,"_wandb":{"runtime":86}}