{"_wandb":{"runtime":86},"_timestamp":1.7663629521715403e+09,"_step":255,"valloss":5.071878433227539,"trainloss":5.231446266174316,"_runtime":86}