{"valloss":4.178053379058838,"_timestamp":1.7662732376369236e+09,"trainloss":2.785289764404297,"_wandb":{"runtime":154},"_runtime":154,"_step":383}