{"_step":255,"trainloss":6.090274810791016,"_wandb":{"runtime":85},"_runtime":85,"valloss":6.333795547485352,"_timestamp":1.7663539016019533e+09}