{"_wandb":{"runtime":174},"_runtime":174,"valloss":4.506811618804932,"_timestamp":1.7671894852160952e+09,"_step":767,"trainloss":1.5178186893463135}