{"valloss":4.235360145568848,"_timestamp":1.7671877738649473e+09,"_step":767,"trainloss":1.7961320877075195,"_runtime":174,"_wandb":{"runtime":174}}