{"_runtime":91.618373685,"_timestamp":1.7662736534905066e+09,"_step":301,"valloss":4.20749044418335,"trainloss":3.178926467895508,"_wandb":{"runtime":91}}