{"_runtime":84,"_step":255,"valloss":5.393216133117676,"_timestamp":1.766599246522838e+09,"trainloss":5.232855796813965,"_wandb":{"runtime":84}}