{"trainloss":5.221028804779053,"_wandb":{"runtime":86},"_runtime":86,"valloss":5.376298427581787,"_timestamp":1.7663527773171425e+09,"_step":255}