{"trainloss":6.14644718170166,"_runtime":108,"_wandb":{"runtime":108},"_step":255,"valloss":6.349584102630615,"_timestamp":1.7669517095339282e+09}