{"valloss":1.3593753576278687,"_timestamp":1.7663292561887016e+09,"trainloss":0.9552585482597351,"_wandb":{"runtime":110},"_runtime":110,"_step":383}