{"_wandb":{"runtime":86},"_runtime":86,"_step":255,"valloss":6.307464122772217,"_timestamp":1.7666049304040186e+09,"trainloss":6.418425559997559}