{"trainloss":4.727463722229004,"_wandb":{"runtime":86},"_runtime":86,"valloss":4.988797187805176,"_timestamp":1.766360550866589e+09,"_step":255}