{"_runtime":119.54155692,"_step":462,"valloss":4.7984418869018555,"_timestamp":1.7663485124721022e+09,"trainloss":0.32171931862831116,"_wandb":{"runtime":119}}