{"_step":255,"trainloss":5.4123945236206055,"_runtime":86,"_wandb":{"runtime":86},"valloss":4.878485202789307,"_timestamp":1.7666107271060905e+09}