{"valloss":4.178317070007324,"_timestamp":1.7663186272491884e+09,"trainloss":2.78305983543396,"_wandb":{"runtime":110},"_runtime":110,"_step":383}