{"_wandb":{"runtime":84},"_runtime":84,"_timestamp":1.7665989122019022e+09,"_step":255,"valloss":5.389805316925049,"trainloss":6.297672748565674}